symbol,atomic_number,atomic_radius,atomic_volume,block,boiling_point,density,dipole_polarizability,electron_affinity,electronic_configuration,valance_main,evaporation_heat,fusion_heat,group_id,lattice_constant,lattice_structure,melting_point,name,period,series_id,specific_heat,thermal_conductivity,vdw_radius,covalent_radius_cordero,covalent_radius_pyykko,en_pauling,en_allen,heat_of_formation,c6,covalent_radius_bragg,covalent_radius_slater,vdw_radius_batsanov,vdw_radius_uff,vdw_radius_mm3,abundance_crust,abundance_sea,en_ghosh,vdw_radius_alvarez,c6_gb,atomic_weight,atomic_weight_uncertainty,is_monoisotopic,is_radioactive,atomic_radius_rahm,covalent_radius_pyykko_double,discovery_year,mendeleev_number,dipole_polarizability_unc,pettifor_number,glawe_number,magp_column,magp_electron_affinity,magp_atomic_volume,magp_atomic_masses,magp_valence_d,magp_valence_s,magp_T_melt,magp_electronegativity,magp_unfilled_f,magp_valence_p,magp_unfilled_d,magp_valence_f,magp_row,magp_unfilled,magp_valence,magp_T_boil,magp_magnetic_moment,magp_cohesive_energy,magp_density,magp_covalent_radius,magp_polarizability,imat_electron_affinity,imat_electronegativity,imat_electron_binding_energy,imat_atomic_radius,imat_valence,imat_cohesive_energy,imat_ionization_energy,ase_magnetic_moment,pymg_atomic_radius,pymg_electronegativity,ionization_energy
H,1,79,14.1,s,20.28,0.0708,4.50711,0.754195,1s,1,0.904,0.117,1,3.75,HEX,14.01,Hydrogen,1,1,,0.1815,110,31,32,2.2,13.61,217.998,6.499026705,,25,,288.6,162,1400,108000,0.2638,120,6.51,1.008,,,FALSE,154,,1766,105,3.00E-05,103,103,1,73,18618.05194,1.008,0,1,14.01,2.2,0,0,0,0,1,1,1,20.13,1,,0.0899,0.31,0.666793,73,2.1,13.6,37,1,,13.5984,1,0.25,2.2,13.59843401
He,2,,31.8,s,4.216,0.147,1.38375,-19.7,1s2,2,0.08,,18,3.57,HEX,0.95,Helium,1,2,5.188,0.152,140,28,46,,24.59,,1.42,,,,236.2,153,0.008,7.00E-06,0.442712,143,1.47,4.002602,2.00E-06,,FALSE,134,,1895,112,2.00E-05,1,1,18,0,37236.03556,4.0026,0,2,,0,0,0,0,0,1,0,2,4.07,0,,0.1785,0.28,0.2050522,0,0,24.6,32,0,,24.5873,0,,,24.58738794
Li,3,155,13.1,s,1118.15,0.534,164.1125,0.618049,[He] 2s,1,148,2.89,1,3.49,BCC,553.69,Lithium,2,3,3.489,84.8,182,128,133,0.98,5.392,159.3,1392,150,145,220,245.1,255,20,0.18,0.105093,212,1410,6.94,,,FALSE,220,124,1817,1,0.0005,12,12,1,60,21.54405808,6.94,0,1,453.69,0.98,0,0,0,0,2,1,1,1615,1,1.63,535,1.28,24.335,60,0.98,54.7,134,1,1.63,0.98,1,1.45,0.98,5.391714761
Be,4,112,5,s,3243,1.848,37.74,-2.4,[He] 2s2,2,309,12.21,2,2.29,HEX,1551,Beryllium,2,4,1.824,201,153,96,102,1.57,9.323,324,227,115,105,190,274.5,223,2.8,5.60E-06,0.144986,198,214,9.0121831,5.00E-07,TRUE,FALSE,219,90,1798,75,0.03,77,77,2,0,8.098176455,9.01218,0,2,1560,1.57,0,0,0,0,2,0,2,2743,0,3.32,1848,0.96,5.6,0,1.57,111.5,90,2,3.32,9.3227,0,1.05,1.57,9.322699
B,5,98,4.6,p,3931,2.34,20.5,0.279723,[He] 2s2 2p,3,504.5,23.6,13,8.73,TET,2573,Boron,2,5,1.025,27.4,192,84,85,2.04,12.13,565,99.5,,85,180,408.3,215,10,4.44,0.184886,191,99.2,10.81,,,FALSE,205,78,1808,81,0.1,86,86,13,27,7.297767265,10.81,0,2,2348,2.04,0,1,0,0,2,5,3,4273,1,5.81,2460,0.84,3.03,27,2.04,188,82,3,5.81,8.298,1,0.85,2.04,8.298019
C,6,91,5.3,p,5100,2.25,11.3,1.262119,[He] 2s2 2p2,4,,,14,3.57,DIA,3820,Carbon,2,1,0.711,1.59,170,73,75,2.55,15.05,716.87,46.6,77,70,170,385.1,204,200,28,0.224776,177,47.9,12.011,,,FALSE,190,67,,87,0.2,95,87,14,154,8.825089715,12.011,0,2,3823,2.55,0,2,0,0,2,4,4,4300,2,7.37,2260,0.76,1.67,154,2.55,284.2,77,4,7.37,11.2603,2,0.7,2.55,11.260296
N,7,92,17.3,p,77.4,0.808,7.4,-1.4,[He] 2s2 2p3,5,,,15,4.039,HEX,63.29,Nitrogen,2,1,,0.026,155,71,71,3.04,18.13,472.44,24.2,65,65,160,366,193,19,0.5,0.26493,166,25.7,14.007,,,FALSE,179,60,1772,93,0.2,100,88,15,0,18592.49897,14.007,0,2,63.05,3.04,0,3,0,0,2,3,5,77.21,3,4.92,1.251,0.71,1.1,7,3.04,37.3,75,5,4.92,14.5341,3,0.65,3.04,14.53413
O,8,,14,p,90.19,1.149,5.3,1.4611135,[He] 2s2 2p4,6,,,16,6.83,CUB,54.8,Oxygen,2,1,,0.027,152,66,63,3.44,21.36,249.229,15.6,65,60,155,350,182,461000,857000,0.304575,150,16.7,15.999,,,FALSE,171,57,1774,99,0.2,101,97,16,141,18592.19717,15.999,0,2,54.8,3.44,0,4,0,0,2,2,6,90.1,2,2.6,1.429,0.66,0.802,141,3.44,41.6,73,6,2.6,13.618,2,0.6,3.44,13.618054
F,9,,17.1,p,85.01,1.108,3.74,3.4011897,[He] 2s2 2p5,7,6.54,0.51,17,,MCL,53.53,Fluorine,2,6,,0.028,147,57,64,3.98,24.8,79.335,9.52,67,50,150,336.4,171,585,1.3,0.344443,146,10.2,18.99840316,6.00E-09,TRUE,FALSE,163,59,1886,106,0.08,102,102,17,328,18601.60857,18.9984,0,2,53.5,3.98,0,5,0,0,2,1,7,84.88,1,0.84,1.696,0.57,0.557,328,3.98,696.7,71,7,0.84,8.5,1,0.5,3.98,17.42282
Ne,10,,16.8,p,27.1,1.204,2.6611,,[He] 2s2 2p6,8,1.74,,18,4.43,FCC,48,Neon,2,2,1.029,,154,58,67,,28.31,,6.2,,,,324.3,160,0.005,0.00012,0.38439,158,6.91,20.1797,0.0006,,FALSE,156,96,1898,113,3.00E-05,2,2,18,0,37232.18569,20.1797,0,2,24.56,0,0,6,0,0,2,0,8,26.92,0,0.02,0.9,0.58,0.39432,0,0,21.6,69,0,0.02,21.5645,0,,,21.56454
Na,11,190,23.7,s,1156.1,0.971,162.7,0.547926,[Ne] 3s,1,97.9,2.64,1,4.23,BCC,370.96,Sodium,3,3,1.222,142,227,166,155,0.93,5.14,107.5,1518,177,180,240,298.3,270,23600,10800,0.093214,250,1570,22.98976928,2.00E-08,TRUE,FALSE,225,160,1807,2,0.5,11,11,1,53,39.43832888,22.98977,0,1,370.87,0.93,0,0,0,0,3,1,1,1156,1,1.11,968,1.66,24.11,53,0.93,30.8,154,1,1.11,0.93,1,1.8,0.93,5.1390767
Mg,12,160,14,s,1363,1.738,71.2,,[Ne] 3s2,2,131.8,9.2,2,3.21,HEX,922,Magnesium,3,4,1.025,156,173,141,139,1.31,7.646,147.1,626,142,150,220,302.1,243,23300,1290,0.121644,251,629,24.305,,,FALSE,240,132,1808,76,0.4,73,73,2,0,23.2222931,24.305,0,2,923,1.31,0,0,0,0,3,0,2,1363,0,1.51,1738,1.41,10.76666667,0,1.31,49.5,130,2,1.51,7.6462,0,1.5,1.31,7.646235
Al,13,143,10,p,2740,2.6989,57.8,0.43283,[Ne] 3s2 3p,3,284.1,10.75,13,4.05,FCC,933.5,Aluminum,3,7,0.9,237,184,121,126,1.61,9.539,330.9,528,135,125,210,449.9,236,82300,0.002,0.150078,225,520,26.9815385,7.00E-07,TRUE,FALSE,239,113,1825,82,1,80,78,13,43,16.59442452,26.98154,0,2,933.47,1.61,0,1,0,0,3,5,3,2792,1,3.39,2700,1.21,6.8,43,1.61,72.5,118,3,3.39,5.9857,1,1.25,1.61,5.9857684
Si,14,132,12.1,p,2628,2.33,37.3,1.3895211,[Ne] 3s2 3p2,4,383,50.6,14,5.43,DIA,1683,Silicon,3,5,0.703,149,210,111,116,1.9,11.33,450,305,117,110,210,429.5,229,282000,2.2,0.178503,219,308,28.085,,,FALSE,232,107,1824,88,0.7,85,85,14,134,20.01637772,28.085,0,2,1687,1.9,0,2,0,0,3,4,4,3173,2,4.63,2330,1.11,5.53,134,1.9,99.4,111,4,4.63,1.9,2,1.1,1.9,8.151683
P,15,128,17,p,553,1.82,25,0.746607,[Ne] 3s2 3p3,5,49.8,2.51,15,7.17,CUB,317.3,Phosphorus,3,1,0.757,,180,107,111,2.19,13.33,316.5,185,,100,195,414.7,222,1050,0.06,0.206931,190,187,30.973762,5.00E-09,TRUE,FALSE,223,102,1669,94,1,90,89,15,72,28.21412182,30.97376,0,2,317.3,2.19,0,3,0,0,3,3,5,553.5,3,3.43,1823,1.07,3.63,72,2.19,135,106,5,3.43,10.4866,3,1,2.19,10.486686
S,16,127,15.5,p,717.824,2.07,19.4,2.07710403,[Ne] 3s2 3p4,6,10.5,1.23,16,10.47,ORC,386,Sulfur,3,1,0.732,0.27,180,105,103,2.58,15.31,277.17,134,102,100,180,403.5,215,350,905,0.23596,189,140,32.06,,,FALSE,214,94,,100,0.1,94,96,16,200,27.16654579,32.06,0,2,388.36,2.58,0,4,0,0,3,2,6,717.72,2,2.85,1960,1.05,2.9,200,2.58,162.5,102,6,2.85,2.58,2,1,2.58,10.36001
Cl,17,,18.7,p,238.6,1.56,14.6,3.612725,[Ne] 3s2 3p5,7,20.41,6.41,17,6.24,ORC,172.2,Chlorine,3,6,,0.009,175,102,99,3.16,16.97,121.302,94.6,105,100,180,394.7,207,145,19400,0.263803,182,97.1,35.45,,,FALSE,206,95,1774,107,0.1,99,101,17,349,18317.50704,35.45,0,2,171.6,3.16,0,5,0,0,3,1,7,238.96,1,1.4,3.214,1.02,2.18,349,3.16,200,99,7,1.4,12.9676,1,1,3.16,12.96763
Ar,18,,24.2,p,87.3,1.4,11.083,-11.5,[Ne] 3s2 3p6,8,6.52,,18,5.26,FCC,83.8,Argon,3,2,0.138,0.0177,188,106,96,,19.17,,64.2,,,,386.8,199,3.5,0.45,0.2922,194,67.4,39.948,0.001,,FALSE,197,107,1894,114,0.007,3,3,18,0,37184.28542,39.948,0,2,83.8,0,0,6,0,0,3,0,8,87.2,0,0.08,1.784,1.06,1.6411,0,0,15.7,97,0,0.08,15.759,0,0.71,,15.7596112
K,19,235,45.3,s,1047,0.856,289.7,0.50147,[Ar] 4s,1,2.33,102.5,1,5.23,BCC,336.8,Potassium,4,3,0.753,79,275,203,196,0.82,4.34,89,3923,207,220,280,381.2,309,20900,399,0.0981896,273,3910,39.0983,0.0001,,FALSE,234,193,1807,3,0.3,10,10,1,48,75.84786468,39.0983,0,1,336.53,0.82,0,0,0,0,4,1,1,1032,1,0.93,856,2.03,43.23,48,0.82,18.3,196,1,0.93,4.3406,1,2.2,0.82,4.34066354
Ca,20,197,29.9,s,1757,1.55,160.8,0.02455,[Ar] 4s2,2,153.6,9.2,2,5.58,FCC,1112,Calcium,4,4,0.653,,231,176,171,1,6.113,177.8,2163,170,180,240,339.9,281,41500,412,0.1154119,262,2230,40.078,0.004,,FALSE,270,147,1808,7,4,16,16,2,2,42.9371873,40.078,0,2,1115,1,0,0,0,0,4,0,2,1757,0,1.842,1550,1.76,25.73333333,2,1,25.4,174,2,1.842,6.1131,0,1.8,1,6.1131552
Sc,21,162,15,d,3104,2.99,97,0.188,[Ar] 3d 4s2,2,332.7,15.8,3,3.31,HEX,1814,Scandium,4,8,0.556,15.8,215,170,148,1.36,7.042,377.8,1383,,160,230,329.5,261,22,6.00E-07,0.1193833,258,1570,44.955908,5.00E-06,TRUE,FALSE,263,116,1879,11,10,20,48,3,18,25.00931092,44.95591,1,2,1814,1.36,0,0,9,0,4,9,3,3103,1,3.9,2985,1.7,17.8,18,1.36,28.3,144,3,3.9,1.36,1,1.6,1.36,6.56149
Ti,22,147,10.6,d,3560,4.54,100,0.079,[Ar] 3d2 4s2,2,422.6,18.8,4,2.95,HEX,1933,Titanium,4,8,0.523,21.9,211,160,136,1.54,8.17,473,1044,140,140,215,317.5,239,5650,0.001,0.1233637,246,1200,47.867,0.001,,FALSE,257,117,1791,43,10,51,51,4,8,17.63631716,47.867,2,2,1941,1.54,0,0,8,0,4,8,4,3560,2,4.85,4507,1.6,14.6,8,1.54,32.6,136,4,4.85,1.54,2,1.4,1.54,6.82812
V,23,134,8.35,d,3650,6.11,87,0.525,[Ar] 3d3 4s2,2,460,17.5,5,3.02,BCC,2160,Vanadium,4,8,0.485,30.7,207,153,134,1.63,9.063,515.5,832,,135,205,314.4,229,120,0.0025,0.1273344,242,955,50.9415,0.0001,,FALSE,252,112,1830,47,10,54,54,5,51,13.84489822,50.9415,3,2,2183,1.63,0,0,7,0,4,7,5,3680,3,5.31,6110,1.53,12.4,51,1.63,37.2,125,5,5.31,1.63,3,1.35,1.63,6.746187
Cr,24,130,7.23,d,2945,7.18,83,0.666,[Ar] 3d5 4s,1,342,21,6,2.88,BCC,2130,Chromium,4,8,0.488,93.9,206,139,122,1.66,9.77,397.48,602,140,140,205,302.3,225,102,0.0003,0.1313053,245,709,51.9961,0.0006,,FALSE,233,111,1797,51,12,57,55,6,64,12.09293747,51.9961,5,1,2180,1.66,0,0,5,0,4,6,6,2944,6,4.1,7140,1.39,11.6,64,1.66,42.2,127,6,4.1,6.7665,6,1.4,1.66,6.76651
Mn,25,135,7.39,d,2235,7.21,68,,[Ar] 3d5 4s2,2,221,13.4,7,8.89,CUB,1517,Manganese,4,8,0.477,,205,150,119,1.55,10.34,283.3,552,147,140,205,296.1,224,950,0.0002,0.1352844,245,635,54.938044,3.00E-06,TRUE,FALSE,242,105,1774,55,9,60,72,7,0,12.21270447,54.93804,5,2,1519,1.55,0,0,5,0,4,5,7,2334,5,2.98,7470,1.39,9.4,0,1.55,47.2,139,7,0.67,7.434,5,1.4,1.55,7.434018
Fe,26,126,7.1,d,3023,7.874,62,0.151,[Ar] 3d6 4s2,2,340,13.8,8,2.87,BCC,1808,Iron,4,8,0.443,80.4,204,142,116,1.83,10.64,415.5,482,140,140,205,291.2,223,56300,0.002,0.1392532,244,548,55.845,0.002,,FALSE,226,109,,59,4,61,71,8,16,11.77736497,55.845,6,2,1811,1.83,0,0,4,0,4,4,8,3134,4,4.28,7874,1.32,8.4,16,1.83,52.7,125,8,4.28,7.9024,4,1.4,1.83,7.9024678
Co,27,125,6.7,d,3143,8.9,55,0.66225646,[Ar] 3d7 4s2,2,389.1,15.48,9,2.51,HEX,1768,Cobalt,4,8,0.456,100,200,138,111,1.88,10.86,426.7,408,137,135,200,287.2,223,25,2.00E-05,0.1432363,240,461,58.933194,4.00E-06,TRUE,FALSE,222,103,1739,63,4,64,70,9,64,10.99586068,58.93319,7,2,1768,1.88,0,0,3,0,4,3,9,3200,3,4.39,8900,1.26,7.5,64,1.88,58.9,126,9,4.39,7.881,3,1.35,1.88,7.88101
Ni,28,124,6.6,d,3005,8.902,49,1.156,[Ar] 3d8 4s2,2,378.6,17.61,10,3.52,FCC,1726,Nickel,4,8,0.443,90.9,197,124,110,1.91,11.13,430.1,373,135,135,200,283.4,222,84,0.00056,0.1472068,240,393,58.6934,0.0004,,FALSE,219,101,1751,67,3,67,69,10,112,10.94128444,58.6934,8,2,1728,1.91,0,0,2,0,4,2,10,3186,2,4.44,8908,1.24,6.8,112,1.91,66.2,121,10,4.44,7.6398,2,1.35,1.91,7.639877
Cu,29,128,7.1,d,2840,8.96,46.5,1.235,[Ar] 3d10 4s,1,304.6,13.01,11,3.61,FCC,1356.6,Copper,4,8,0.385,401,196,132,112,1.9,10.96,337.4,253,137,135,200,349.5,226,60,0.00025,0.1511716,238,264,63.546,0.003,,FALSE,217,115,,71,0.5,72,68,11,118,11.82994193,63.546,10,1,1357.77,1.9,0,0,0,0,4,1,11,3200,1,3.49,8920,1.32,6.15,118,1.9,75.1,138,1,3.49,7.7263,1,1.35,1.9,7.72638
Zn,30,138,9.2,d,1180,7.133,38.67,,[Ar] 3d10 4s2,2,114.8,7.28,12,2.66,HEX,692.73,Zinc,4,8,0.388,116,201,122,118,1.65,9.395,130.4,284,132,135,210,276.3,229,70,0.0049,0.1551518,239,276,65.38,0.02,,FALSE,222,120,,77,0.3,76,74,12,0,15.20568373,65.38,10,2,692.68,1.65,0,0,0,0,4,0,12,1180,0,1.35,7140,1.22,5.816666667,0,1.65,10.1,131,2,1.35,1.65,0,1.35,1.65,9.394199
Ga,31,141,11.8,p,2676,5.91,50,0.43,[Ar] 3d10 4s2 4p,3,270.3,5.59,13,4.51,ORC,302.93,Gallium,4,7,0.372,28.1,187,122,124,1.81,10.39,271.96,498,,130,210,438.3,246,19,3.00E-05,0.1723773,232,456,69.723,0.001,,FALSE,233,117,1875,83,3,81,79,13,29,19.61051348,69.723,10,2,302.91,1.81,0,1,0,0,4,5,13,2477,1,2.81,5904,1.22,8.12,29,1.81,18.7,126,3,2.81,5.9993,1,1.3,1.81,5.9993018
Ge,32,137,13.6,p,3103,5.323,40,1.232712,[Ar] 3d10 4s2 4p2,4,328,36.8,14,5.66,DIA,1210.6,Germanium,4,5,0.322,60.2,211,120,121,2.01,11.8,372,354,,125,210,428,244,1.5,5.00E-05,0.1895892,229,365,72.63,0.008,,FALSE,234,111,1886,89,1,84,84,14,119,22.66097638,72.63,10,2,1211.4,2.01,0,2,0,0,4,4,14,3093,2,3.85,5323,1.2,5.84,119,2.01,29.2,122,4,3.85,7.8994,2,1.25,2.01,7.899435
As,33,139,13.1,p,876,5.73,30,0.804,[Ar] 3d10 4s2 4p3,5,32.4,,15,4.13,RHL,1090,Arsenic,4,5,0.328,,185,119,121,2.18,13.08,302.5,246,126,115,205,423,236,1.8,0.0037,0.2068208,188,260,74.921595,6.00E-06,TRUE,FALSE,231,114,,95,1,89,90,15,78,21.72396574,74.92159,10,2,1090,2.18,0,3,0,0,4,3,15,887,3,2.96,5727,1.19,4.31,78,2.18,41.7,119,5,2.96,9.7886,3,1.15,2.18,9.789
Se,34,140,16.5,p,958.1,4.79,28.9,2.02067,[Ar] 3d10 4s2 4p4,6,59.7,5.23,16,4.36,HEX,490,Selenium,4,1,,0.52,190,120,116,2.55,14.34,227.2,210,117,115,190,420.5,229,0.05,0.0002,0.2240328,182,233,78.971,0.008,,FALSE,224,107,1818,101,1,93,95,16,195,27.20880463,78.971,10,2,494,2.55,0,4,0,0,4,2,16,958,2,2.46,4819,1.2,3.77,195,2.55,54.6,116,6,2.46,2.55,2,1.15,2.55,9.752392
Br,35,,23.5,p,331.9,3.12,21,3.3635882,[Ar] 3d10 4s2 4p5,7,29.56,10.57,17,6.67,ORC,265.9,Bromine,4,6,,0.005,185,120,114,2.96,15.88,111.85,162,119,115,190,418.9,222,2.4,67.3,0.2412578,186,187,79.904,,,FALSE,219,109,1826,108,1,98,100,17,325,42.52782532,79.904,10,2,265.8,2.96,0,5,0,0,4,1,17,332,1,1.22,3120,1.2,3.05,325,2.96,69,114,7,1.22,11.8138,1,1.15,2.96,11.81381
Kr,36,,32.2,p,120.85,2.155,16.78,,[Ar] 3d10 4s2 4p6,8,9.05,,18,5.72,FCC,116.6,Krypton,4,2,0.247,0.0095,202,116,117,,17.54,,130,,,,414.1,215,0.0001,0.00021,0.2584813,207,136,83.798,0.002,,FALSE,212,121,1898,115,0.02,4,4,18,0,37107.49474,83.798,10,2,115.79,0,0,6,0,0,4,0,18,119.78,0,0.116,3.75,1.16,2.4844,0,0,14.1,110,0,0.116,13.9996,0,,3,13.9996049
Rb,37,248,55.9,s,961,1.532,319.8,0.48592,[Kr] 5s,1,75.8,2.2,1,5.59,BCC,312.2,Rubidium,5,3,0.36,58.2,303,220,210,0.82,4.177,80.9,4769,225,235,290,411.4,325,90,0.12,0.104686,321,4660,85.4678,0.0003,,FALSE,240,202,1861,4,0.3,9,9,1,47,92.64095184,85.4678,0,1,312.46,0.82,0,0,0,0,5,1,1,961,1,0.852,1532,2.2,47.27,47,0.82,15.3,211,1,0.852,0.82,1,2.35,0.82,4.177128
Sr,38,215,33.7,s,1657,2.54,197.2,0.048,[Kr] 5s2,2,144,9.2,2,6.08,FCC,1042,Strontium,5,4,0.301,,249,195,185,0.95,5.695,164,3175,195,200,255,364.1,300,370,7.9,0.1185082,284,3230,87.62,0.01,,FALSE,279,157,1790,8,0.2,15,15,2,5,55.32313078,87.62,0,2,1050,0.95,0,0,0,0,5,0,2,1655,0,1.72,2630,1.95,25.55,5,0.95,20.1,192,2,1.72,0.95,0,2,0.95,5.6948672
Y,39,178,19.8,d,3611,4.47,162,0.307,[Kr] 4d 5s2,2,367,11.5,3,3.65,HEX,1795,Yttrium,5,8,0.284,,232,190,163,1.22,6.631,424.7,,,180,240,334.5,271,33,1.30E-05,0.1216986,275,2600,88.90584,2.00E-05,TRUE,FALSE,274,130,1789,12,12,19,21,3,30,33.01321288,88.90584,1,2,1799,1.22,0,0,9,0,5,9,3,3618,1,4.37,4472,1.9,22.7,30,1.22,23.1,162,3,4.37,1.22,1,1.8,1.22,6.21726
Zr,40,160,14.1,d,4650,6.506,112,0.426,[Kr] 4d2 5s2,2,567,19.2,4,3.23,HEX,2125,Zirconium,5,8,0.281,22.7,223,175,154,1.33,7.808,610,,,155,230,312.4,254,165,3.00E-05,0.1248887,252,1360,91.224,0.002,,FALSE,268,127,1789,44,13,49,49,4,41,23.26594327,91.224,2,2,2128,1.33,0,0,8,0,5,8,4,4682,2,6.25,6511,1.75,17.9,41,1.33,27.1,148,4,6.25,1.33,2,1.55,1.33,6.6339
Nb,41,146,10.8,d,5015,8.57,98,0.917406,[Kr] 4d4 5s,1,680,26.8,5,3.3,BCC,2741,Niobium,5,8,0.268,53.7,218,164,147,1.6,8.34,733,,,145,215,316.5,243,20,1.00E-05,0.1280782,256,1140,92.90637,2.00E-05,TRUE,FALSE,251,125,1801,48,8,52,53,5,86,18.00213298,92.90637,4,1,2750,1.6,0,0,6,0,5,7,5,5017,5,7.57,8570,1.64,15.7,86,1.6,30.8,137,5,7.57,6.7588,5,1.45,1.6,6.75885
Mo,42,139,9.4,d,4885,10.22,87,0.748,[Kr] 4d5 5s,1,590,28,6,3.15,BCC,2890,Molybdenum,5,8,0.251,,217,154,138,2.16,8.71,658.98,,,145,210,305.2,239,1.2,0.01,0.1312672,245,1030,95.95,0.01,,FALSE,244,121,1778,52,6,55,56,6,72,15.50088069,95.95,5,1,2896,2.16,0,0,5,0,5,6,6,4912,6,6.82,10280,1.54,12.8,72,2.16,35.5,145,6,6.82,7.0924,6,1.45,2.16,7.09243
Tc,43,136,8.5,d,5150,11.5,79,0.55,[Kr] 4d5 5s2,1,585,23.8,7,2.74,HEX,2445,Technetium,5,8,0.243,50.6,216,147,128,2.1,8.94,678,,,135,205,299.8,236,,,0.1344592,244,939,97.90721,3.00E-05,,TRUE,241,120,1937,56,10,58,59,7,53,14.15101151,97.90721,5,2,2430,1.9,0,0,5,0,5,5,7,4538,5,6.85,11500,1.47,11.4,53,1.9,39.9,156,7,6.85,1.9,5,1.35,1.9,7.119381
Ru,44,134,8.3,d,4173,12.41,72,1.05,[Kr] 4d7 5s,1,,25.5,8,2.7,HEX,2583,Ruthenium,5,8,0.238,117,213,146,125,2.2,9.1,650.6,,,130,205,296.3,234,0.001,7.00E-07,0.1376494,246,809,101.07,0.02,,FALSE,237,114,1844,60,10,63,61,8,101,13.56787441,101.07,7,1,2607,2.2,0,0,3,0,5,4,8,4423,4,6.74,12370,1.46,9.6,101,2.2,43.2,126,8,6.74,2.2,4,1.3,2.2,7.3605
Rh,45,134,8.3,d,4000,12.41,66,1.137,[Kr] 4d8 5s,1,494,21.8,9,3.8,FCC,2239,Rhodium,5,8,0.244,150,210,142,125,2.28,9.259,556,,,135,200,292.9,234,0.001,,0.1408379,244,708,102.9055,2.00E-05,TRUE,FALSE,233,110,1803,64,10,66,63,9,110,13.72550981,102.9055,8,1,2237,2.28,0,0,2,0,5,3,9,3968,3,5.75,12450,1.42,8.6,110,2.28,47.3,135,9,5.75,7.4589,3,1.35,2.28,7.4589
Pd,46,137,8.9,d,3413,12.02,26.14,0.562,[Kr] 4d10,1,372.4,17.24,10,3.89,FCC,1825,Palladium,5,8,0.244,71.8,210,139,120,2.2,9.402,376.6,,,140,205,289.9,237,0.015,,0.1440276,215,628,106.42,0.01,,FALSE,215,117,1803,68,0.1,69,65,10,54,14.69838627,106.42,10,0,1828.05,2.2,0,0,0,0,5,0,10,3236,0,3.89,12023,1.39,4.8,54,2.2,50.9,131,10,3.89,8.3369,0,1.4,2.2,8.33686
Ag,47,144,10.3,d,2485,10.5,55,1.302,[Kr] 4d10 5s,1,254.1,11.95,11,4.09,FCC,1235.1,Silver,5,8,0.237,429,211,145,128,1.93,11.05,284.9,,177,160,210,314.8,243,0.075,4.00E-05,0.1472165,253,341,107.8682,0.0002,,FALSE,225,139,,72,8,71,67,11,126,17.07564795,107.8682,10,1,1234.93,1.93,0,0,0,0,5,1,11,2435,1,2.95,10490,1.45,6.99,126,1.93,58.3,153,1,2.95,1.93,1,1.6,1.93,7.576234
Cd,48,154,13.1,d,1038,8.65,46,,[Kr] 4d10 5s2,2,59.1,6.11,12,2.98,HEX,594.1,Cadmium,5,8,0.232,96.9,218,144,136,1.69,8.995,111.8,,160,155,220,284.8,250,0.15,0.00011,0.1504066,249,405,112.414,0.004,,FALSE,238,144,1817,78,2,75,75,12,0,21.58002546,112.414,10,2,594.22,1.69,0,0,0,0,5,0,12,1040,0,1.16,8650,1.44,7.32,0,1.69,10.7,148,2,1.16,8.9938,0,1.55,1.69,8.993822
In,49,166,15.7,p,2353,7.31,65,0.3,[Kr] 4d10 5s2 5p,3,225.1,3.24,13,4.59,TET,429.32,Indium,5,7,0.234,81.8,193,142,142,1.78,9.793,243,779,,155,220,446.3,264,0.25,0.02,0.16423,243,643,114.818,0.001,,FALSE,246,136,1863,84,4,79,80,13,29,26.08265816,114.818,10,2,429.75,1.78,0,1,0,0,5,5,13,2345,1,2.52,7310,1.42,9.65,29,1.78,16.9,144,3,2.52,5.7863,1,1.55,1.78,5.7863552
Sn,50,162,16.3,p,2543,7.31,53,1.112067,[Kr] 4d10 5s2 5p2,4,296,7.07,14,5.82,TET,505.1,Tin,5,7,0.222,66.8,217,139,140,1.96,10.79,301.2,659,140,145,225,439.2,259,2.3,4.00E-06,0.178052,242,715,118.71,0.007,,FALSE,248,130,,90,6,83,83,14,107,26.96678526,118.71,10,2,505.08,1.96,0,2,0,0,5,4,14,2875,2,3.14,7310,1.39,7.06,107,1.96,23.9,141,4,3.14,1.96,2,1.45,1.96,7.343917
Sb,51,159,18.4,p,1908,6.691,43,1.046,[Kr] 4d10 5s2 5p3,5,195.2,20.08,15,4.51,RHL,903.9,Antimony,5,5,0.205,24.43,206,139,140,2.05,11.74,264.4,492,140,145,220,442,252,0.2,0.00024,0.1918774,247,504,121.76,0.001,,FALSE,246,133,,96,2,88,91,15,103,30.19142344,121.76,10,2,903.78,2.05,0,3,0,0,5,3,15,1860,3,2.75,6697,1.39,6.6,103,2.05,32.1,138,5,2.75,8.6083,3,1.45,2.05,8.608389
Te,52,160,20.5,p,1263,6.24,38,1.970876,[Kr] 4d10 5s2 5p4,6,49.8,17.91,16,4.45,HEX,722.7,Tellurium,5,5,0.201,14.3,206,138,136,2.1,12.76,196.6,445,133,140,210,447,244,0.001,,0.2056992,199,471,127.6,0.03,,FALSE,242,128,1782,102,4,92,94,16,190,33.95668872,127.6,10,2,722.66,2.1,0,4,0,0,5,2,16,1261,2,2.19,6240,1.38,5.5,190,2.1,40.4,135,6,2.19,2.1,2,1.4,2.1,9.00966
I,53,,25.7,p,457.5,4.93,32.9,3.0590368,[Kr] 4d10 5s2 5p5,7,41.95,15.52,17,7.72,ORC,386.7,Iodine,5,6,,,198,139,133,2.66,13.95,106.757,385,140,140,210,450,236,0.45,0.06,0.2195176,204,389,126.90447,3.00E-05,TRUE,FALSE,238,129,1811,109,1.3,97,99,17,295,42.65885747,126.90447,10,2,386.85,2.66,0,5,0,0,5,1,17,457.3,1,1.11,4940,1.39,5.025,295,2.66,48.9,133,7,1.11,10.4512,1,1.4,2.66,10.45126
Xe,54,,42.9,p,166.1,3.52,27.32,-0.056,[Kr] 4d10 5s2 5p6,8,12.65,,18,6.2,FCC,161.3,Xenon,5,2,0.158,0.0057,216,140,131,2.6,15.27,,,,,,440.4,228,3.00E-05,5.00E-05,0.2333511,228,302,131.293,0.006,,FALSE,232,135,1898,116,0.2,5,5,18,0,36952.92402,131.293,10,2,161.3,2.6,0,6,0,0,5,0,18,165,0,0.16,5.9,1.4,4.044,0,2.6,67.5,130,0,0.16,2.6,0,,2.6,12.1298431
Cs,55,267,70,s,951.6,1.873,400.9,0.471626,[Xe] 6s,1,68.3,2.09,1,6.05,BCC,301.6,Cesium,6,3,0.241,35.9,343,244,232,0.79,3.898,76.5,,237,260,300,451.7,344,3,0.0003,0.1542125,348,6660,132.905452,6.00E-08,TRUE,FALSE,249,209,1860,5,0.7,8,8,1,46,117.4560158,132.90545,0,1,301.59,0.79,0,0,0,0,6,1,1,944,1,0.804,1879,2.44,59.42,46,0.79,12.1,225,1,0.804,3.8939,1,2.6,0.79,3.893905548
Ba,56,222,39,s,1910,3.5,272,0.14462,[Xe] 6s2,2,142,7.66,2,5.02,BCC,1002,Barium,6,4,0.192,,268,215,196,0.89,5.211,179.1,,210,215,270,370.3,307,425,0.013,0.1586786,303,5540,137.327,0.007,,FALSE,293,161,1808,9,10,14,14,2,14,64.96928167,137.327,0,2,1000,0.89,0,0,0,0,6,0,2,2143,0,1.9,3510,2.15,39.7,14,0.89,14.8,198,2,1.9,5.2116,0,2.15,0.89,5.211664
La,57,187,22.5,d,3730,6.15,215,0.47,[Xe] 5d 6s2,2,402,8.5,3,3.75,HEX,1194,Lanthanum,6,9,0.197,13.4,243,207,180,1.1,,431,,,195,250,352.2,278,39,3.40E-06,0.163142,298,3730,138.90547,7.00E-05,,FALSE,284,139,1839,13,20,33,32,3,48,37.53064612,138.90547,1,2,1193,1.1,0,0,9,0,6,9,3,3737,1,4.47,6146,2.07,31.1,48,1.1,16.8,169,3,4.47,5.5769,1,1.95,1.1,5.5769
Ce,58,181,21,f,3699,6.757,205,0.65,[Xe] 4f 5d 6s2,2,398,5.2,,5.16,FCC,1072,Cerium,6,9,0.205,11.3,242,204,163,1.12,,420.1,,,185,,355.6,274,66.5,1.20E-06,0.16761,288,3480,140.116,0.001,,FALSE,282,137,1803,15,20,32,31,3,50,34.78450148,140.116,1,2,1071,1.12,13,0,9,1,6,22,4,3633,1,4.32,6689,2.04,29.6,50,1.12,0.1,183,4,4.32,5.5387,1,1.85,1.12,5.5386
Pr,59,182,20.8,f,3785,6.773,216,0.962,[Xe] 4f3 6s2,2,331,11.3,,3.67,HEX,1204,Praseodymium,6,9,0.192,12.5,240,203,176,1.13,,356.9,,,185,,360.6,273,9.2,6.40E-07,0.17208,292,3760,140.90766,2.00E-05,TRUE,FALSE,286,138,1885,17,20,31,30,3,50,35.23917573,140.90766,0,2,1204,1.13,11,0,0,3,6,11,5,3563,3,3.7,6640,2.03,28.2,50,1.13,2,182,5,3.7,5.473,3,1.85,1.13,5.473
Nd,60,182,20.6,f,3341,7.007,208,1.916,[Xe] 4f4 6s2,2,289,7.1,,3.66,HEX,1294,Neodymium,6,9,0.205,,239,201,174,1.14,,326.9,,,185,,357.5,273,41.5,2.80E-06,0.176539,295,3560,144.242,0.003,,FALSE,284,137,1925,19,20,30,29,3,50,34.16905488,144.242,0,2,1294,1.14,10,0,0,4,6,10,6,3373,4,3.4,7010,2.01,31.4,50,1.14,1.5,181,6,3.4,5.525,4,1.85,1.14,5.525
Pm,61,,,f,3000,7.2,200,,[Xe] 4f5 6s2,2,,,,,,1441,Promethium,6,9,0.185,17.9,238,199,173,,,,,,185,,354.7,272,,,0.1810032,,3340,144.91276,2.00E-05,,TRUE,283,135,1945,21,20,29,28,3,50,33.14754856,144.91276,0,2,1373,1.13,9,0,0,5,6,9,7,3273,5,3.23,7264,1.99,30.1,50,1.13,120,181,7,,5.582,5,1.85,1.13,5.582
Sm,62,181,19.9,f,2064,7.52,192,,[Xe] 4f6 6s2,2,165,8.9,,9,RHL,1350,Samarium,6,9,0.18,,236,198,172,1.17,,206.7,,,185,,352,271,7.05,4.50E-07,0.185468,290,3130,150.36,0.02,,FALSE,280,134,1879,23,20,28,27,3,50,33.95681901,150.36,0,2,1345,1.17,8,0,0,6,6,8,8,2076,6,2.14,7353,1.98,28.8,50,1.17,5.2,180,8,2.14,1.17,6,1.85,1.17,5.64371
Eu,63,199,28.9,f,1870,5.243,184,0.864,[Xe] 4f7 6s2,2,176,,,4.61,BCC,1095,Europium,6,9,0.176,13.9,235,198,168,,,177.4,,,185,,349.3,294,2,1.30E-07,0.189935,287,2940,151.964,0.001,,FALSE,280,134,1901,25,20,18,17,3,50,48.12129236,151.964,0,2,1095,1.2,7,0,0,7,6,7,9,1800,7,1.86,5244,1.98,27.7,50,1.2,,199,9,1.86,5.6703,7,1.85,1.2,5.670385
Gd,64,179,19.9,f,3539,7.9,158,,[Xe] 4f7 5d 6s2,2,398,,,3.64,HEX,1586,Gadolinium,6,9,0.23,,234,196,169,1.2,,397.5,,,180,,336.8,271,6.2,7.00E-07,0.1944,283,2340,157.25,0.03,,FALSE,277,135,1880,27,20,27,26,3,50,33.04972431,157.25,1,2,1586,1.2,7,0,9,7,6,16,10,3523,8,4.14,7901,1.96,23.5,50,1.2,8.6,179,10,4.14,6.1498,8,1.8,1.2,6.149796
Tb,65,180,19.2,f,3296,8.229,170,1.165,[Xe] 4f9 6s2,2,389,,,3.6,HEX,1629,Terbium,6,9,0.183,11.1,233,194,168,,,388.7,,,175,,345.1,270,1.2,1.40E-07,0.198863,279,2590,158.92535,2.00E-05,TRUE,FALSE,276,135,1843,29,20,26,25,3,50,32.10949276,158.92535,0,2,1629,1.1,5,0,0,9,6,5,11,3503,5,4.05,8219,1.94,25.5,50,1.1,2.4,176,11,4.05,1.1,5,1.75,1.1,5.8638
Dy,66,180,19,f,2835,8.55,163,0.352,[Xe] 4f10 6s2,2,291,,,3.59,HEX,1685,Dysprosium,6,9,0.173,10.7,231,192,167,1.22,,290.4,,,175,,342.8,290,5.2,9.10E-07,0.20333,287,2430,162.5,0.001,,FALSE,275,133,1886,31,15,25,24,3,50,31.55699985,162.5,0,2,1685,1.22,4,0,0,10,6,4,12,2840,4,3.04,8551,1.92,24.5,50,1.22,4.3,175,12,3.04,5.9389,4,1.75,1.22,5.93905
Ho,67,179,18.7,f,2968,8.795,156,,[Xe] 4f11 6s2,2,301,,,3.58,HEX,1747,Holmium,6,9,0.164,,230,192,166,1.23,,300.6,,,175,,340.9,267,1.3,2.20E-07,0.207795,281,2280,164.93033,2.00E-05,TRUE,FALSE,273,133,1878,33,10,24,23,3,50,31.14037991,164.93033,0,2,1747,1.23,3,0,0,11,6,3,13,2973,3,3.14,8795,1.92,23.6,50,1.23,5.2,174,13,3.14,6.0215,3,1.75,1.23,6.0215
Er,68,178,18.4,f,3136,9.06,150,,[Xe] 4f12 6s2,2,317,,,3.56,HEX,1802,Erbium,6,9,0.168,,229,189,165,1.24,,316.4,,,175,,339.1,267,3.5,8.70E-07,0.212261,283,2150,167.259,0.003,,FALSE,272,133,1843,35,10,23,22,3,50,30.63606837,167.259,0,2,1770,1.24,2,0,0,12,6,2,14,3141,2,3.29,9066,1.89,22.7,50,1.24,4.7,173,14,3.29,6.0177,2,1.75,1.24,6.1077
Tm,69,177,18.1,f,2220,9.321,144,1.029,[Xe] 4f13 6s2,2,232,,,3.54,HEX,1818,Thulium,6,9,0.16,,227,190,164,1.25,,232.2,,,175,,337.4,267,0.52,1.70E-07,0.2167244,279,2020,168.93422,2.00E-05,TRUE,FALSE,271,131,1879,37,15,22,20,3,50,30.09638585,168.93422,0,2,1818,1.25,1,0,0,13,6,1,15,2223,1,2.42,9321,1.9,21.8,50,1.25,4.6,173,15,2.42,1.25,1,1.75,1.25,6.18431
Yb,70,194,24.8,f,1466,6.9654,139,-0.02,[Xe] 4f14 6s2,2,159,3.35,,5.49,FCC,1097,Ytterbium,6,9,0.145,,226,187,170,,,155.6,,,175,,335.5,279,3.2,8.20E-07,0.22119,280,1910,173.045,0.01,,FALSE,277,129,1878,39,6,17,18,3,50,43.73967194,173.054,0,2,1092,1.1,0,0,0,14,6,0,16,1469,0,1.6,6570,1.87,20.9,50,1.1,1.3,194,16,1.6,1.06,0,1.75,1.1,6.25416
Lu,71,175,17.8,f,3668,9.8404,137,0.34,[Xe] 4f14 5d 6s2,2,414,,,3.51,HEX,1936,Lutetium,6,8,0.155,,224,187,162,1,6.455,427.6,,,175,,364,265,0.8,1.50E-07,0.22565,274,2020,174.9668,0.0001,,FALSE,270,131,1907,41,7,21,19,3,50,29.52403191,174.9668,1,2,1936,1.27,0,0,9,14,6,9,17,3675,1,4.43,9841,1.87,21.9,50,1.27,7.5,172,3,4.43,5.4258,1,1.75,1.27,5.425871
Hf,72,167,13.6,d,5470,13.31,103,0.014,[Xe] 4f14 5d2 6s2,2,575,25.1,4,3.2,HEX,2503,Hafnium,6,8,0.146,23,223,175,152,1.3,6.83,618.4,,,155,225,314.1,253,3,7.00E-06,0.229987,263,1040,178.49,0.02,,FALSE,264,128,1923,45,6,50,50,4,0,22.26871119,178.49,2,2,2506,1.3,0,0,8,14,6,8,18,4876,2,6.44,13310,1.75,16.2,0,1.3,14.2,150,4,6.44,6.825,2,1.55,1.3,6.82507
Ta,73,149,10.9,d,5698,16.654,74,0.322,[Xe] 4f14 5d3 6s2,2,758,24.7,5,3.31,BCC,3269,Tantalum,6,8,0.14,57.5,222,170,146,1.5,7.93,782,,,145,220,317,243,2,2.00E-06,0.234581,253,887,180.94788,2.00E-05,,FALSE,258,126,1802,49,20,53,52,5,31,18.04672956,180.94788,3,2,3290,1.5,0,0,7,14,6,7,19,5731,3,8.1,16650,1.7,13.1,31,1.5,21.6,138,5,8.1,1.5,3,1.45,1.5,7.54957
W,74,141,9.53,d,5930,19.3,68,0.81626,[Xe] 4f14 5d4 6s2,2,824,35,6,3.16,BCC,3680,Tungsten,6,8,0.133,173,218,162,137,1.7,8.67,851,,,135,210,309.6,239,1.25,0.0001,0.2390504,257,757,183.84,0.01,,FALSE,253,120,1783,53,15,56,57,6,79,15.85873442,183.84,4,2,3695,2.36,0,0,6,14,6,6,20,5828,4,8.9,19250,1.62,11.1,79,2.36,31.4,146,6,8.9,2.36,4,1.35,2.36,7.86403
Re,75,137,8.85,d,5900,21.02,62,0.15,[Xe] 4f14 5d5 6s2,2,704,34,7,2.76,HEX,3453,Rhenium,6,8,0.138,48,216,151,131,1.9,9.46,774,,,135,205,295.4,237,0.0007,4.00E-06,0.2435164,249,663,186.207,0.001,,FALSE,249,119,1925,57,3,59,58,7,15,14.71033423,186.207,5,2,3459,1.9,0,0,5,14,6,5,21,5869,5,8.03,21020,1.51,9.7,15,1.9,34.6,159,7,8.03,7.8335,5,1.35,1.9,7.83352
Os,76,135,8.43,d,5300,22.57,57,1.1,[Xe] 4f14 5d6 6s2,2,738,31.7,8,2.74,HEX,3327,Osmium,6,8,0.131,,216,144,129,2.2,9.78,787,,,130,200,312,235,0.0015,,0.2479845,248,584,190.23,0.03,,FALSE,244,116,1804,61,3,62,60,8,106,13.98369767,190.23,6,2,3306,2.2,0,0,4,14,6,4,22,5285,4,8.17,22590,1.44,8.5,106,2.2,44.5,128,8,8.17,8.4382,4,1.3,2.2,8.43823
Ir,77,136,8.54,d,4403,22.42,54,1.5638,[Xe] 4f14 5d7 6s2,2,604,27.61,9,3.84,FCC,2683,Iridium,6,8,0.133,147,213,141,122,2.2,9.96,669,,,135,200,284,236,0.001,,0.25106,241,522,192.217,0.003,,FALSE,233,115,1804,65,7,65,62,9,151,14.14855047,192.217,7,2,2739,2.2,0,0,3,14,6,3,23,4701,3,6.94,22560,1.41,7.6,151,2.2,48,137,9,6.94,8.967,3,1.35,2.2,8.96702
Pt,78,139,9.1,d,4100,21.45,48,2.128,[Xe] 4f14 5d9 6s,1,470,21.76,10,3.92,FCC,2045,Platinum,6,8,0.133,71.6,213,136,123,2.2,10.16,565.7,,,135,205,275.4,239,0.005,,0.25691,229,470,195.084,0.009,,FALSE,230,112,1735,69,4,68,64,10,205,15.36046351,195.084,9,1,2041.4,2.28,0,0,1,14,6,2,24,4098,2,5.84,21090,1.36,6.5,205,2.28,51.7,128,10,5.84,8.9588,2,1.35,2.28,8.95883
Au,79,146,10.2,d,3080,19.3,36,2.30863,[Xe] 4f14 5d10 6s,1,340,12.68,11,4.08,FCC,1337.58,Gold,6,8,0.129,318,214,136,124,2.4,11.33,368.2,,,135,210,329.3,243,0.004,4.00E-06,0.26137,232,427,196.966569,5.00E-06,TRUE,FALSE,226,121,,73,3,70,66,11,223,16.94706362,196.96657,10,1,1337.33,2.54,0,0,0,14,6,1,25,3129,1,3.81,19300,1.36,5.8,223,2.54,57.2,144,1,3.81,9.2255,1,1.35,2.54,9.225553
Hg,80,157,14.8,d,629.73,13.546,33.91,,[Xe] 4f14 5d10 6s2,2,58.5,2.295,12,2.99,RHL,234.28,Mercury,6,8,0.138,8.3,223,132,133,1.9,10.44,61.38,,,150,205,270.5,253,0.085,3.00E-05,0.169,245,268,200.592,0.003,,FALSE,229,142,,79,0.34,74,76,12,0,24.61174207,200.592,10,2,234.32,2,0,0,0,14,6,0,26,629.73,0,0.67,13534,1.32,5.36,0,2,7.8,149,2,0.67,10.4375,0,1.5,2,10.437504
Tl,81,171,17.2,p,1730,11.85,50,0.377,[Xe] 4f14 5d10 6s2 6p,3,162.4,4.31,13,3.46,HEX,576.6,Thallium,6,7,0.128,46.1,196,145,144,1.8,,182.2,,190,190,220,434.7,259,0.85,1.90E-05,0.173447,247,509,204.38,,,FALSE,242,142,1861,85,2,78,81,13,19,28.64087656,204.38,10,2,577,1.62,0,1,0,14,6,5,27,1746,1,1.88,11850,1.45,7.55,19,1.62,12.5,148,3,1.88,1.62,1,1.9,1.62,6.108287
Pb,82,175,18.3,p,2013,11.35,47,0.35674316,[Xe] 4f14 5d10 6s2 6p2,4,177.8,4.77,14,4.95,FCC,600.65,Lead,6,7,0.159,35.3,202,146,144,1.8,10.97,195.2,,,,230,429.7,274,14,3.00E-05,0.177911,260,534,207.2,0.1,,FALSE,249,135,,91,3,82,82,14,35,30.34142301,207.2,10,2,600.61,2.33,0,2,0,14,6,4,28,2022,2,2.03,11340,1.46,6.995,35,2.33,18.1,147,4,2.03,7.4166,2,1.8,2.33,7.4166796
Bi,83,170,21.3,p,1883,9.747,48,0.942362,[Xe] 4f14 5d10 6s2 6p3,5,172,11,15,4.75,RHL,544.5,Bismuth,6,7,0.124,7.9,207,148,151,1.9,11.9,209.6,,148,160,230,437,266,0.0085,2.00E-05,0.182377,254,513,208.9804,1.00E-05,TRUE,FALSE,250,141,,97,4,87,92,15,91,35.48345908,208.9804,10,2,544.4,2.02,0,3,0,14,6,3,29,1837,3,2.18,9780,1.48,0.4,91,2.02,23.8,146,5,2.18,7.2855,3,1.6,2.02,7.285516
Po,84,176,22.7,p,1235,9.32,44,1.9,[Xe] 4f14 5d10 6s2 6p4,6,102.9,10,16,3.35,SC,527,Polonium,6,5,0.125,,197,140,145,2,13,,,,190,,470.9,259,2.00E-10,1.50E-14,0.186842,,424,209,,,TRUE,250,135,1898,103,4,91,93,16,183,37.74040639,208.98243,10,2,527,2,0,4,0,14,6,2,30,1235,2,1.5,9196,1.4,6.8,183,2,31,,6,1.5,8.414,2,1.9,2,8.414
At,85,,,p,610,,42,2.8,[Xe] 4f14 5d10 6s2 6p5,7,,,17,,,575,Astatine,6,6,,,202,150,147,2.2,14.1,,,,,,475,251,,,0.19131,,351,210,,,TRUE,247,138,1940,110,4,96,98,17,270,,209.98715,10,2,575,2.2,0,5,0,14,6,1,31,,1,,,1.5,6,270,2.2,40,,7,,9.3175,1,,2.2,9.31751
Rn,86,,,p,211.4,4.4,35,,[Xe] 4f14 5d10 6s2 6p6,8,18.1,,18,,FCC,202,Radon,6,2,0.094,0.0036,220,150,142,,15.4,,,,,,476.5,243,4.00E-13,6.00E-16,0.195772,240,408,222,,,TRUE,243,145,1898,117,2,6,6,18,0,37887.79955,222.01758,10,2,202,0,0,6,0,14,6,0,32,211.3,0,0.202,9.73,1.5,5.3,0,0,26,145,0,0.202,10.7485,0,,2.2,10.7485
Fr,87,,,s,950,,317.8,0.486,[Rn] 7s,1,,15,1,,BCC,300,Francium,7,3,,,348,260,223,0.7,,,,,,,490,364,,,0.08731,,,223,,,TRUE,258,218,1939,6,2.4,7,7,1,47,,223.01974,0,1,,0.79,0,0,0,0,7,1,1,,1,,,2.6,47.85,47,0.79,15,,1,,4.0727,1,,0.7,4.0727409
Ra,88,,45,s,1413,5.5,246,0.1,[Rn] 7s2,2,113,9.6,2,,,973,Radium,7,4,0.12,,283,221,201,0.9,,159,,,215,,367.7,327,9.00E-07,8.90E-11,0.09789,,,226,,,TRUE,292,173,1898,10,4,13,13,2,10,75.05812023,226.02541,0,2,973,0.89,0,0,0,0,7,0,2,2010,0,1.66,5000,2.21,38.3,10,0.89,19,,2,1.66,5.2784,0,2.15,0.9,5.278424
Ac,89,188,22.54,d,3470,,203,0.35,[Rn] 6d 7s2,2,292.9,10.5,3,5.31,FCC,1320,Actinium,7,10,,,247,215,186,1.1,,406,,,195,,347.8,308,5.50E-10,,0.10033,280,,227,,,TRUE,293,153,1899,14,12,48,33,3,34,37.4330863,227.02775,1,2,1323,1.1,0,0,9,0,7,9,3,3473,1,4.25,10070,2.15,32.1,34,1.1,80,,3,4.25,5.17,1,1.95,1.1,5.380226
Th,90,180,19.8,f,5060,11.78,217,,[Rn] 6d2 7s2,2,513.7,16.11,,5.08,FCC,2028,Thorium,7,10,0.113,,245,206,175,1.3,,602,,,180,240,339.6,274,9.6,1.00E-06,0.10277,293,,232.0377,0.0004,,TRUE,289,143,1828,16,54,47,34,3,34,32.86568321,232.0377,2,2,2023,1.3,0,0,8,0,7,8,4,5093,2,6.2,11724,2.06,32.1,34,1.3,16.6,180,4,6.2,1.3,2,1.8,1.3,6.3067
Pa,91,161,15,f,4300,15.37,154,,[Rn] 5f2 6d 7s2,2,481.2,16.7,,3.92,TET,2113,Protactinium,7,10,0.121,,243,200,169,1.5,,563,,,180,,342.4,264,1.40E-06,5.00E-11,0.12149,288,,231.03588,2.00E-05,TRUE,TRUE,285,138,1917,18,20,46,35,3,34,24.96116063,231.03588,1,2,1845,1.5,12,0,9,2,7,21,5,4273,3,,15370,2,25.4,34,1.5,94,161,5,,5.89,3,1.8,1.5,5.89
U,92,138,12.5,f,4018,19.05,129,,[Rn] 5f3 6d 7s2,2,417,12.6,,2.85,ORC,1405.5,Uranium,7,10,0.115,27.5,241,196,170,1.7,,533,,,175,230,339.5,252,2.7,0.0032,0.13207,271,,238.02891,3.00E-05,,TRUE,283,134,1789,20,17,45,36,3,34,20.7488474,238.02891,1,2,1408,1.38,11,0,9,3,7,20,6,4200,4,5.55,19050,1.96,24.9,34,1.38,16.8,139,6,5.55,1.38,4,1.75,1.38,6.19405
Np,93,130,21.1,f,4175,20.25,151,,[Rn] 5f4 6d 7s2,2,336,9.6,,4.72,ORC,913,Neptunium,7,10,,,239,190,171,1.3,,464.8,,,175,,342.4,252,,,0.14265,282,,237,,,TRUE,280,136,1940,22,20,44,37,3,34,19.24483901,237.04817,1,2,917,1.36,10,0,9,4,7,19,7,4273,5,4.73,20450,1.9,24.8,34,1.36,18,140,7,4.73,6.2657,5,1.75,1.36,6.2655
Pu,94,151,,f,3505,19.84,132,,[Rn] 5f6 7s2,2,343.5,2.8,,,MCL,914,Plutonium,7,10,,,243,187,172,1.3,,345,,,175,,342.4,252,,,0.16137,281,,244,,,TRUE,278,135,1940,24,20,43,38,3,34,20.44716406,244.06421,0,2,913,1.28,8,0,0,6,7,8,8,3503,6,3.6,19816,1.87,24.5,34,1.28,16,151,8,3.6,6.026,6,1.75,1.28,6.0258
Am,95,173,20.8,f,2880,13.67,131,,[Rn] 5f7 7s2,2,238.5,10,,,,1267,Americium,7,10,,,244,180,166,,,284,,,175,,338.1,,,,0.17194,283,,243,,,TRUE,276,135,1945,26,25,42,39,3,34,29.51868508,243.06138,0,2,1449,1.3,7,0,0,7,7,7,9,2284,7,2.73,13670,1.8,23.3,34,1.3,16,140,9,2.73,5.9738,7,1.75,1.3,5.9738
Cm,96,299,18.28,f,,13.51,144,,[Rn] 5f7 6d 7s2,2,,,,,,1340,Curium,7,10,,,245,169,166,,,386,,,,,332.6,,,,0.17439,305,,247,,,TRUE,276,136,1944,28,25,41,40,3,34,30.35993609,247.07035,1,2,1618,1.3,7,0,9,7,7,16,10,3383,8,3.99,13510,1.69,23,34,1.3,16,,10,3.99,5.9914,8,,1.3,5.9914
Bk,97,297,,f,,13.25,125,,[Rn] 5f9 7s2,2,,,,,,,Berkelium,7,10,,,244,,168,,,310,,,,,333.9,,,,0.19315,340,,247,,,TRUE,,139,1949,30,25,40,41,3,34,27.75120004,247.07031,0,2,1323,1.3,5,0,0,9,7,5,11,,5,,14780,,22.7,34,1.3,16,,11,,6.1979,5,,1.3,6.1978
Cf,98,295,,f,,15.1,122,,[Rn] 5f10 7s2,2,,,,,,900,Californium,7,10,,,245,,168,,,196,,,,,331.3,,,,0.20369,305,,251,,,TRUE,,140,1950,32,20,39,42,3,34,27.60298332,251.07959,0,2,1173,1.3,4,0,0,10,7,4,12,,4,,15100,,20.5,34,1.3,17,,12,,6.2817,4,,1.3,6.2817
Es,99,292,,f,1130,,118,,[Rn] 5f11 7s2,2,,,,,,,Einsteinium,7,10,,,245,,165,,,133,,,,,329.9,,,,0.21427,270,,252,,,TRUE,,140,1952,34,20,38,43,3,34,,252.083,0,2,1133,1.3,3,0,0,11,7,3,13,,4,,,,19.7,34,1.3,17,,13,,6.42,4,,1.3,6.3676
Fm,100,290,,f,,,113,,[Rn] 5f12 7s2,2,,,,,,1800,Fermium,7,10,,,245,,167,,,,,,,,328.6,,,,0.22485,,,257,,,TRUE,,,1953,36,20,37,44,3,34,,257.09511,0,2,1800,1.3,2,0,0,12,7,2,14,,2,,,,23.8,34,1.3,17,,14,,6.5,2,,1.3,6.5
Md,101,287,,f,,,109,,[Rn] 5f13 7s2,2,,,,,,1100,Mendelevium,7,10,,,246,,173,,,,,,,,327.4,,,,0.23542,,,258,,,TRUE,,139,1955,38,20,36,45,3,34,,258.09843,0,2,1100,1.3,1,0,0,13,7,1,15,,1,,,,18.2,34,1.3,17,,15,,6.58,1,,1.3,6.58
No,102,285,,f,,,110,,[Rn] 5f14 7s2,2,,,,,,1100,Nobelium,7,10,,,246,,176,,,,,,,,324.8,,,,0.246,,,259,,,TRUE,,,1957,40,6,35,46,3,34,,259.101,0,2,1100,1.3,0,0,0,14,7,0,16,,0,,,,16.4,34,1.3,18,,2,,6.65,0,,1.3,6.65
Lr,103,282,,f,,,320,,[Rn] 5f14 6d 7s2,3,,,,,,,Lawrencium,7,8,,,246,,161,,,,,,,,323.6,,,,0.24844,,,262,,,TRUE,,141,1961,42,20,34,47,3,,,,0,2,1900,,,1,,14,7,,,,,,,,,,,,,,,,,,1.3,4.9
Rf,104,,,d,,,112,,[Rn] 5f14 6d2 7s2,,,,4,,,,Rutherfordium,7,8,,,,,157,,,,,,,,,,,,,,,267,,,TRUE,,140,1969,46,10,,,,,,,,,,,,,,,,,,,,,,,,,,,,,,,,,,6.01
Db,105,,,d,,,42,,[Rn] 5f14 6d3 7s2,,,,5,,,,Dubnium,7,8,,,,,149,,,,,,,,,,,,,,,268,,,TRUE,,136,1970,50,4,,,,,,,,,,,,,,,,,,,,,,,,,,,,,,,,,,6.8
Sg,106,,,d,,,40,,[Rn] 5f14 6d4 7s2,,,,6,,,,Seaborgium,7,8,,,,,143,,,,,,,,,,,,,,,271,,,TRUE,,128,1974,54,4,,,,,,,,,,,,,,,,,,,,,,,,,,,,,,,,,,7.8
Bh,107,,,d,,,38,,[Rn] 5f14 6d5 7s2,,,,7,,,,Bohrium,7,8,,,,,141,,,,,,,,,,,,,,,274,,,TRUE,,128,1976,58,4,,,,,,,,,,,,,,,,,,,,,,,,,,,,,,,,,,7.7
Hs,108,,,d,,,36,,[Rn] 5f14 6d6 7s2,,,,8,,,,Hassium,7,8,,,,,134,,,,,,,,,,,,,,,269,,,TRUE,,125,1984,62,4,,,,,,,,,,,,,,,,,,,,,,,,,,,,,,,,,,7.6
Mt,109,,,d,,,34,,[Rn] 5f14 6d7 7s2,,,,9,,,,Meitnerium,7,8,,,,,129,,,,,,,,,,,,,,,276,,,TRUE,,125,1982,66,3,,,,,,,,,,,,,,,,,,,,,,,,,,,,,,,,,,
Ds,110,,,d,,,32,,[Rn] 5f14 6d9 7s1,,,,10,,,,Darmstadtium,7,8,,,,,128,,,,,,,,,,,,,,,281,,,TRUE,,116,1994,70,3,,,,,,,,,,,,,,,,,,,,,,,,,,,,,,,,,,
Rg,111,,,d,,,32,,[Rn] 5f14 6d10 7s1,,,,11,,,,Roentgenium,7,8,,,,,121,,,,,,,,,,,,,,,281,,,TRUE,,116,1994,74,6,,,,,,,,,,,,,,,,,,,,,,,,,,,,,,,,,,
Cn,112,,,d,,,28,,[Rn] 5f14 6d10 7s2,,,,12,,,,Copernicium,7,8,,,,,122,,,,,,,,,,,,,,,285,,,TRUE,,137,1996,80,2,,,,,,,,,,,,,,,,,,,,,,,,,,,,,,,,,,
Nh,113,,,p,,,29,,[Rn] 5f14 6d10 7s2 7p1,,,,13,,,,Nihonium,7,7,,,,,136,,,,,,,,,,,,,,,286,,,TRUE,,,2015,86,2,,,,,,,,,,,,,,,,,,,,,,,,,,,,,,,,,,
Fl,114,,,p,,,31,,[Rn] 5f14 6d10 7s2 7p2,,,,14,,,,Flerovium,7,7,,,,,143,,,,,,,,,,,,,,,289,,,TRUE,,,1998,92,4,,,,,,,,,,,,,,,,,,,,,,,,,,,,,,,,,,
Mc,115,,,p,,,71,,[Rn] 5f14 6d10 7s2 7p3,,,,15,,,,Moscovium,7,7,,,,,162,,,,,,,,,,,,,,,288,,,TRUE,,,2003,98,20,,,,,,,,,,,,,,,,,,,,,,,,,,,,,,,,,,
Lv,116,,,p,,,,,[Rn] 5f14 6d10 7s2 7p4,,,,16,,,,Livermorium,7,7,,,,,175,,,,,,,,,,,,,,,293,,,TRUE,,,2000,104,,,,,,,,,,,,,,,,,,,,,,,,,,,,,,,,,,,
Ts,117,,,p,,,76,,[Rn] 5f14 6d10 7s2 7p5,,,,17,,,,Tennessine,7,6,,,,,165,,,,,,,,,,,,,,,294,,,TRUE,,,2010,111,15,,,,,,,,,,,,,,,,,,,,,,,,,,,,,,,,,,
Og,118,,,p,,,58,0.056,[Rn] 5f14 6d10 7s2 7p6,,,,18,,,,Oganesson,7,2,,,,,157,,,,,,,,,,,,,,,294,,,TRUE,,,2002,118,6,,,,,,,,,,,,,,,,,,,,,,,,,,,,,,,,,,
